INSERT INTO faculties (id, name, deleted) VALUES
(1, 'FM', false),
(2, 'FI', false),
(3, 'FE', false),
(4, 'FA', false),
(5, 'FS', false);

INSERT INTO departments (id, name, faculty_id, deleted) VALUES
(1 , 'AVP 1', 2, false),
(2 , 'AVP 2', 2, false),
(3 , 'AVP 3', 2, false),
(4 , 'AVP 4', 2, false),
(5 , 'AVP 5', 2, false),
(6 , 'BSP 1', 2, false),
(7 , 'BSP 2', 2, false),
(8 , 'BSP 3', 2, false),
(9 , 'BSP 4', 2, false),
(10, 'BSP 5', 2, false),
(11, 'CS 1', 3, false),
(12, 'CS 2', 3, false),
(13, 'CS 3', 3, false),
(14, 'CS 4', 3, false),
(15, 'CS 5', 3, false),
(16, 'DS 1', 4, false),
(17, 'DS 2', 4, false),
(18, 'DS 3', 4, false),
(19, 'DS 4', 4, false),
(20, 'DS 5', 4, false);

INSERT INTO People (uid, date_of_birth, email, name, patronymic, password, surname, deleted) VALUES
(100, '1963-05-05', 'kostikov_email_100@gmail.com', 'Oleksandr', 'Anatoliyovych', 'qwerty00', 'Kostikov', false),
(101, '1990-01-15', 'ivanov_email_101@gmail.com', 'Ivan', 'Petrovich', 'pass1234', 'Ivanov', false),
(102, '1985-06-25', 'smirnov_email_102@gmail.com', 'Sergey', 'Andreevich', 'secret12', 'Smirnov', false),
(103, '1974-11-10', 'popov_email_103@gmail.com', 'Vladimir', 'Nikolaevich', 'topsecret', 'Popov', false),
(104, '1995-09-01', 'kuznetsov_email_104@gmail.com', 'Dmitry', 'Vladimirovich', 'password', 'Kuznetsov', false),
(105, '1982-04-20', 'sidorov_email_105@gmail.com', 'Pavel', 'Mikhailovich', 'qwerty123', 'Sidorov', false),
(106, '1992-12-31', 'novikov_email_106@gmail.com', 'Alexey', 'Sergeevich', '12345678', 'Novikov', false),
(107, '1978-08-08', 'morozov_email_107@gmail.com', 'Sergey', 'Ivanovich', 'abcd1234', 'Morozov', false),
(108, '1987-03-18', 'fedorov_email_108@gmail.com', 'Alexandr', 'Nikolaevich', 'password123', 'Fedorov', false),
(109, '1971-12-24', 'bondarenko_email_109@gmail.com', 'Yuriy', 'Viktorovich', 'qwertyui', 'Bondarenko', false),
(110, '1985-09-09', 'petrov_email_110@gmail.com', 'Andrey', 'Sergeevich', 'qwerty1234', 'Petrov', false),
(111, '1990-03-03', 'vasilev_email_111@gmail.com', 'Dmitry', 'Vladimirovich', 'password1234', 'Vasilev', false),
(112, '1987-11-28', 'dmitriev_email_112@gmail.com', 'Sergey', 'Viktorovich', '123456789', 'Dmitriev', false),
(113, '1978-01-01', 'belov_email_113@gmail.com', 'Igor', 'Petrovich', 'qwerty12345', 'Belov', false),
(114, '1993-05-17', 'belyaev_email_114@gmail.com', 'Artem', 'Mikhailovich', 'pass12345', 'Belyaev', false),
(115, '1986-07-22', 'gorbachev_email_115@gmail.com', 'Vladimir', 'Andreevich', 'secret123', 'Gorbachev', false),
(116, '1979-02-14', 'kolesnikov_email_116@gmail.com', 'Sergey', 'Sergeevich', 'qwerty567', 'Kolesnikov', false),
(117, '1991-08-11', 'tikhonov_email_117@gmail.com', 'Artem', 'Alexandrovich', '123456', 'Tikhonov', false),
(118, '1983-11-23', 'golubev_email_118@gmail.com', 'Vitaliy', 'Andreevich', 'qwerty789', 'Golubev', false),
(119, '1976-07-01', 'kudryavtsev_email_119@gmail.com', 'Andrey', 'Sergeevich', 'password12345', 'Kudryavtsev', false),
(120, '1994-04-18', 'baranov_email_120@gmail.com', 'Mikhail', 'Viktorovich', 'qwertyuiop', 'Baranov', false),
(121, '1987-09-30', 'kazakov_email_121@gmail.com', 'Vladimir', 'Andreevich', '1234567890', 'Kazakov', false),
(122, '1971-02-07', 'makarov_email_122@gmail.com', 'Igor', 'Petrovich', 'abcdef', 'Makarov', false),
(123, '1992-08-08', 'levin_email_123@gmail.com', 'Pavel', 'Andreevich', '1234567', 'Levin', false),
(124, '1975-12-10', 'salnikov_email_124@gmail.com', 'Sergey', 'Ivanovich', 'qwerty123456', 'Salnikov', false),
(125, '1985-10-25', 'suvorov_email_125@gmail.com', 'Andrey', 'Sergeevich', 'pass123456', 'Suvorov', false),
(126, '1991-06-19', 'borisov_email_126@gmail.com', 'Alexey', 'Ivanovich', 'qwerty1234567', 'Borisov', false),
(127, '1979-04-12', 'polovnikov_email_127@gmail.com', 'Sergey', 'Vladimirovich', 'qwertyuiop123', 'Polovnikov', false),
(128, '1988-03-27', 'zagorulko_email_128@gmail.com', 'Andrey', 'Sergeevich', '12345', 'Zagorulko', false),
(129, '1977-05-23', 'evdokimov_email_129@gmail.com', 'Igor', 'Andreevich', 'password123456', 'Evdokimov', false),
(130, '1995-08-30', 'voronov_email_130@gmail.com', 'Alexandr', 'Petrovich', 'qwerty12345678', 'Voronov', false),
(131, '1982-11-09', 'leshchenko_email_131@gmail.com', 'Dmitry', 'Nikolaevich', 'abcdefg', 'Leshchenko', false),
(132, '1974-06-21', 'kotov_email_132@gmail.com', 'Ivan', 'Sergeevich', 'qwertyuiop123456', 'Kotov', false),
(133, '1990-12-15', 'shirokov_email_133@gmail.com', 'Andrey', 'Andreevich', 'password', 'Shirokov', false),
(134, '1978-01-04', 'popov_email_134@gmail.com', 'Sergey', 'Ivanovich', '12345678', 'Popov', false),
(135, '1987-11-06', 'doronin_email_135@gmail.com', 'Mikhail', 'Sergeevich', 'qwerty1234', 'Doronin', false),
(136, '1993-07-02', 'zaitsev_email_136@gmail.com', 'Denis', 'Andreevich', '1234', 'Zaitsev', false),
(137, '1972-04-30', 'pavlov_email_137@gmail.com', 'Andrey', 'Sergeevich', 'qwertyuiop1234567', 'Pavlov', false),
(138, '1992-02-26', 'volkov_email_138@gmail.com', 'Dmitry', 'Andreevich', 'password123', 'Volkov', false),
(139, '1983-05-14', 'anisimov_email_139@gmail.com', 'Alexey', 'Sergeevich', '123456789', 'Anisimov', false),
(140, '1976-10-26', 'fedorov_email_140@gmail.com', 'Sergey', 'Andreevich', 'qwerty123', 'Fedorov', false),
(141, '1991-01-12', 'komarov_email_141@gmail.com', 'Pavel', 'Andreevich', 'qwertyuiop12345678', 'Komarov', false),
(142, '1978-08-08', 'korneev_email_142@gmail.com', 'Vladimir', 'Petrovich', 'password1234', 'Korneev', false),
(143, '1985-04-28', 'samsonov_email_143@gmail.com', 'Dmitry', 'Andreevich', 'qwertyuiop1234', 'Samsonov', false),
(144, '1994-06-17', 'kravtsov_email_144@gmail.com', 'Sergey', 'Sergeevich', '12345', 'Kravtsov', false),
(145, '1977-10-12', 'baranovskiy_email_145@gmail.com', 'Andrey', 'Viktorovich', '123', 'Baranovskiy', false),
(146, '1990-11-21', 'sobolev_email_146@gmail.com', 'Mikhail', 'Sergeevich', 'qwerty12345678', 'Sobolev', false),
(147, '1973-07-20', 'chernov_email_147@gmail.com', 'Dmitry', 'Andreevich', 'qwertyuiop12345', 'Chernov', false),
(148, '1989-03-25', 'dmitriev_email_148@gmail.com', 'Ivan', 'Andreevich', 'password12345', 'Dmitriev', false),
(149, '1980-09-09', 'zhukov_email_149@gmail.com', 'Viktor', 'Sergeevich', 'qwerty1234567', 'Zhukov', false),
(150, '1996-01-02', 'kudryavtsev_email_150@gmail.com', 'Alexey', 'Dmitrievich', '1234567890', 'Kudryavtsev', false),
(151, '1984-05-25', 'aliev_email_151@gmail.com', 'Sergey', 'Sergeevich', 'qwertyuiop123', 'Aliev', false),
(152, '1979-08-28', 'kamenev_email_152@gmail.com', 'Igor', 'Sergeevich', 'password123456', 'Kamenev', false),
(153, '1995-04-22', 'gusarov_email_153@gmail.com', 'Nikolay', 'Andreevich', '1234567890qwerty', 'Gusarov', false),
(154, '1986-03-15', 'semochkin_email_154@gmail.com', 'Maxim', 'Andreevich', 'qwerty123456', 'Semochkin', false),
(155, '1977-07-27', 'polischuk_email_155@gmail.com', 'Andrey', 'Sergeevich', 'password1234', 'Polischuk', false),
(156, '1992-05-06', 'sudakov_email_156@gmail.com', 'Vladimir', 'Ivanovich', '123456', 'Sudakov', false),
(157, '1981-12-17', 'shchukin_email_157@gmail.com', 'Ivan', 'Sergeevich', 'qwertyuiop', 'Shchukin', false),
(158, '1997-02-12', 'koshkin_email_158@gmail.com', 'Pavel', 'Dmitrievich', '123456789qwerty', 'Koshkin', false),
(159, '1983-09-27', 'kolesnikov_email_159@gmail.com', 'Viktor', 'Andreevich', 'qwertyuiop1234', 'Kolesnikov', false),
(160, '1975-07-28', 'belov_email_160@gmail.com', 'Alexey', 'Andreevich', 'password123', 'Belov', false),
(161, '1993-03-20', 'sazonov_email_161@gmail.com', 'Dmitry', 'Sergeevich', '1234567', 'Sazonov', false),
(162, '1987-01-31', 'zhuravlev_email_162@gmail.com', 'Andrey', 'Andreevich', 'qwerty12345', 'Zhuravlev', false),
(163, '1972-09-05', 'eremin_email_163@gmail.com', 'Sergey', 'Sergeevich', 'password1234567', 'Eremin', false),
(164, '1982-05-17', 'popov_email_164@gmail.com', 'Andrey', 'Vladimirovich', 'qwerty123', 'Popov', false),
(165, '1978-11-03', 'morozov_email_165@gmail.com', 'Pavel', 'Ivanovich', '123456', 'Morozov', false),
(166, '1991-06-25', 'tarasov_email_166@gmail.com', 'Artem', 'Ivanovich', 'qwerty123456', 'Tarasov', false),
(167, '1985-01-11', 'yakovlev_email_167@gmail.com', 'Sergey', 'Petrovich', 'password', 'Yakovlev', false),
(168, '1972-03-18', 'sokolov_email_168@gmail.com', 'Igor', 'Nikolaevich', '12345', 'Sokolov', false),
(169, '1989-12-30', 'egorov_email_169@gmail.com', 'Vitaliy', 'Sergeevich', 'qwerty1234', 'Egorov', false),
(170, '1981-08-20', 'voronin_email_170@gmail.com', 'Andrey', 'Ivanovich', 'password123456', 'Voronin', false),
(171, '1976-10-28', 'kravtsov_email_171@gmail.com', 'Ivan', 'Dmitrievich', 'qwerty12345', 'Kravtsov', false),
(172, '1998-09-07', 'mishin_email_172@gmail.com', 'Sergey', 'Ivanovich', '123456qwerty', 'Mishin', false),
(173, '1986-07-19', 'levchenko_email_173@gmail.com', 'Dmitry', 'Ivanovich', 'qwerty12345', 'Levchenko', false),
(174, '1979-03-30', 'doronin_email_174@gmail.com', 'Andrey', 'Nikolaevich', '1234567', 'Doronin', false),
(175, '1995-11-06', 'baranov_email_175@gmail.com', 'Vladislav', 'Sergeevich', 'password1234', 'Baranov', false),
(176, '1984-06-14', 'shirokov_email_176@gmail.com', 'Sergey', 'Dmitrievich', 'qwerty1234567', 'Shirokov', false),
(177, '1973-09-12', 'abramov_email_177@gmail.com', 'Pavel', 'Ivanovich', '12345678', 'Abramov', false),
(178, '1987-05-22', 'golubev_email_178@gmail.com', 'Artem', 'Sergeevich', 'qwerty12345', 'Golubev', false),
(179, '1981-07-28', 'ivanov_email_179@gmail.com', 'Sergey', 'Ivanovich', 'password1234', 'Ivanov', false),
(180, '1977-09-13', 'petrov_email_180@gmail.com', 'Andrey', 'Sergeevich', 'qwerty1234567', 'Petrov', false),
(181, '1985-12-08', 'stepanov_email_181@gmail.com', 'Vitaliy', 'Ivanovich', '12345678', 'Stepanov', false),
(182, '1990-05-26', 'smirnov_email_182@gmail.com', 'Sergey', 'Igorovich', 'qwerty123', 'Smirnov', false),
(183, '1978-03-15', 'frolov_email_183@gmail.com', 'Pavel', 'Andreevich', 'password12345', 'Frolov', false),
(184, '1989-08-25', 'evdokimov_email_184@gmail.com', 'Artem', 'Sergeevich', '123456qwerty', 'Evdokimov', false),
(185, '1975-06-12', 'kuznetsov_email_185@gmail.com', 'Ivan', 'Nikolaevich', 'password123456', 'Kuznetsov', false),
(186, '1996-12-28', 'makarov_email_186@gmail.com', 'Dmitry', 'Sergeevich', 'qwerty1234', 'Makarov', false),
(187, '1983-08-10', 'nedelko_email_187@gmail.com', 'Sergey', 'Andreevich', '1234567', 'Nedelko', false),
(188, '1977-10-19', 'popova_email_188@gmail.com', 'Anna', 'Ivanovna', 'qwerty12345', 'Popova', false),
(189, '1993-02-05', 'solovev_email_189@gmail.com', 'Andrey', 'Sergeevich', '12345678', 'Solovev', false),
(190, '1976-12-14', 'fedotov_email_190@gmail.com', 'Pavel', 'Dmitrievich', 'qwerty1234567', 'Fedotov', false),
(191, '1977-06-12', 'lobanov_email_191@gmail.com', 'Sergey', 'Ivanovich', '123456789', 'Lobanov', false),
(192, '1984-09-20', 'savin_email_192@gmail.com', 'Sergey', 'Sergeevich', 'qwerty1234', 'Savin', false),
(193, '1997-07-01', 'krylov_email_193@gmail.com', 'Vladislav', 'Ivanovich', 'password', 'Krylov', false),
(194, '1973-05-11', 'nikitin_email_194@gmail.com', 'Dmitry', 'Andreevich', 'qwertyuiop12345', 'Nikitin', false),
(195, '1987-11-02', 'babenko_email_195@gmail.com', 'Vitaliy', 'Sergeevich', '12345', 'Babenko', false),
(196, '1995-06-07', 'kudryashov_email_196@gmail.com', 'Igor', 'Andreevich', 'qwertyuiop123456789', 'Kudryashov', false),
(197, '1988-08-24', 'kosarev_email_197@gmail.com', 'Pavel', 'Sergeevich', '1234', 'Kosarev', false),
(198, '1974-06-15', 'vasiliev_email_198@gmail.com', 'Sergey', 'Andreevich', 'qwertyuiop123456', 'Vasiliev', false),
(199, '1990-08-06', 'kravchenko_email_199@gmail.com', 'Ivan', 'Dmitrievich', '12345qwerty', 'Kravchenko', false),
(200, '1979-12-28', 'bocharov_email_200@gmail.com', 'Andrey', 'Andreevich', '123456qwertyuiop', 'Bocharov', false);

INSERT INTO People (uid, date_of_birth, email, name, patronymic, password, surname, deleted) VALUES
(500, '1990-01-15', 'ivanov_email_500@gmail.com', 'Ivan', 'Sergeevich', 'qwerty123', 'Ivanov', false),
(501, '1985-06-05', 'petrov_email_501@gmail.com', 'Sergey', 'Petrovich', 'password123', 'Petrov', false),
(502, '1993-11-18', 'sidorov_email_502@gmail.com', 'Maksim', 'Pavlovich', 'qwerty123456', 'Sidorov', false),
(503, '1978-03-07', 'fedorov_email_503@gmail.com', 'Dmitry', 'Vladimirovich', '12345678', 'Fedorov', false),
(504, '1989-09-23', 'smirnov_email_504@gmail.com', 'Artem', 'Ivanovich', 'password1234', 'Smirnov', false),
(505, '1982-07-16', 'novikov_email_505@gmail.com', 'Andrey', 'Dmitrievich', 'qwerty12345', 'Novikov', false),
(506, '1985-05-29', 'ermakov_email_506@gmail.com', 'Sergey', 'Nikolaevich', '1234567', 'Ermakov', false),
(507, '1991-02-12', 'gavrilov_email_507@gmail.com', 'Pavel', 'Andreevich', 'qwerty1234567', 'Gavrilov', false),
(508, '1986-11-09', 'zhukov_email_508@gmail.com', 'Ivan', 'Maksimovich', 'password12345', 'Zhukov', false),
(509, '1975-09-01', 'smolyakov_email_509@gmail.com', 'Andrey', 'Vladimirovich', '12345678', 'Smolyakov', false),
(510, '1992-12-30', 'novoselov_email_510@gmail.com', 'Artem', 'Andreevich', 'qwerty123', 'Novoselov', false),
(511, '1985-06-05', 'petrov_email_511@gmail.com', 'Sergey', 'Petrovich', 'password123', 'Petrov', false),
(512, '1993-11-18', 'sidorov_email_512@gmail.com', 'Maksim', 'Pavlovich', 'qwerty123456', 'Sidorov', false),
(513, '1978-03-07', 'fedorov_email_513@gmail.com', 'Dmitry', 'Vladimirovich', '12345678', 'Fedorov', false),
(514, '1989-09-23', 'smirnov_email_514@gmail.com', 'Artem', 'Ivanovich', 'password1234', 'Smirnov', false),
(515, '1982-07-16', 'novikov_email_515@gmail.com', 'Andrey', 'Dmitrievich', 'qwerty12345', 'Novikov', false),
(516, '1985-05-29', 'ermakov_email_516@gmail.com', 'Sergey', 'Nikolaevich', '1234567', 'Ermakov', false),
(517, '1991-02-12', 'gavrilov_email_517@gmail.com', 'Pavel', 'Andreevich', 'qwerty1234567', 'Gavrilov', false),
(518, '1986-11-09', 'zhukov_email_518@gmail.com', 'Ivan', 'Maksimovich', 'password12345', 'Zhukov', false),
(519, '1975-09-01', 'smolyakov_email_519@gmail.com', 'Andrey', 'Vladimirovich', '12345678', 'Smolyakov', false);

INSERT INTO People (uid, date_of_birth, email, name, patronymic, password, surname, deleted) VALUES
(12723903, '2001-11-03', 'nik@gmail.com', 'Mykyta', 'Olegovich', '777', 'Zhuravlov', false),
(12723904, '1995-03-12', 'person_12723904@example.com', 'John', 'M', 'password1', 'Doe', false),
(12723905, '1985-10-02', 'person_12723905@example.com', 'Alice', 'R', 'password2', 'Smith', false),
(12723906, '1979-04-21', 'person_12723906@example.com', 'David', 'J', 'password3', 'Brown', false),
(12723907, '2001-01-05', 'person_12723907@example.com', 'Emma', 'K', 'password4', 'Lee', false),
(12723908, '1989-09-30', 'person_12723908@example.com', 'Sophie', 'M', 'password5', 'Taylor', false),
(12723909, '1977-08-11', 'person_12723909@example.com', 'Michael', 'P', 'password6', 'Johnson', false),
(12723910, '1998-12-23', 'person_12723910@example.com', 'Ella', 'L', 'password7', 'Davis', false),
(12723911, '1965-06-17', 'person_12723911@example.com', 'Richard', 'S', 'password8', 'Harris', false),
(12723912, '1983-02-04', 'person_12723912@example.com', 'Julia', 'N', 'password9', 'Clark', false),
(12723913, '1973-11-28', 'person_12723913@example.com', 'Steven', 'T', 'password10', 'Robinson', false),
(12723914, '1991-08-08', 'person_12723914@example.com', 'Emily', 'R', 'password11', 'Wilson', false),
(12723915, '1982-04-02', 'person_12723915@example.com', 'Daniel', 'J', 'password12', 'Martin', false),
(12723916, '1975-12-17', 'person_12723916@example.com', 'Ava', 'L', 'password13', 'Miller', false),
(12723917, '1996-11-26', 'person_12723917@example.com', 'Oliver', 'P', 'password14', 'Wilson', false),
(12723918, '1968-07-20', 'person_12723918@example.com', 'Sarah', 'K', 'password15', 'Turner', false),
(12723919, '1999-02-14', 'person_12723919@example.com', 'Harry', 'N', 'password16', 'Adams', false),
(12723920, '1987-09-09', 'person_12723920@example.com', 'Mia', 'S', 'password17', 'Collins', false),
(12723921, '1971-03-05', 'person_12723921@example.com', 'Kevin', 'M', 'password18', 'Allen', false),
(12723922, '1988-12-10', 'person_12723922@example.com', 'Lily', 'T', 'password19', 'Campbell', false),
(12723923, '1974-06-26', 'person_12723923@example.com', 'Peter', 'R', 'password20', 'Parker', false),
(12723924, '1992-05-18', 'person_12723924@example.com', 'Lucas', 'C', 'password21', 'Foster', false),
(12723925, '1983-01-11', 'person_12723925@example.com', 'Sophia', 'H', 'password22', 'Harris', false),
(12723926, '1976-08-03', 'person_12723926@example.com', 'Henry', 'D', 'password23', 'Baker', false),
(12723927, '1997-07-14', 'person_12723927@example.com', 'Isabella', 'L', 'password24', 'Wright', false),
(12723928, '1969-03-01', 'person_12723928@example.com', 'Luke', 'S', 'password25', 'Mitchell', false),
(12723929, '2000-04-09', 'person_12723929@example.com', 'Natalie', 'J', 'password26', 'Davis', false),
(12723930, '1989-11-05', 'person_12723930@example.com', 'Ethan', 'W', 'password27', 'Edwards', false),
(12723931, '1973-05-21', 'person_12723931@example.com', 'Hannah', 'M', 'password28', 'Stewart', false),
(12723932, '1990-12-26', 'person_12723932@example.com', 'Levi', 'T', 'password29', 'Bell', false),
(12723933, '1975-06-12', 'person_12723933@example.com', 'Julia', 'P', 'password30', 'Graham', false),
(12723934, '1992-03-15', 'person_12723934@example.com', 'Oliver', 'G', 'password31', 'Butler', false),
(12723935, '1985-10-01', 'person_12723935@example.com', 'Avery', 'E', 'password32', 'Hayes', false),
(12723936, '1978-06-20', 'person_12723936@example.com', 'Liam', 'R', 'password33', 'Murray', false),
(12723937, '1999-04-22', 'person_12723937@example.com', 'Aria', 'K', 'password34', 'Russell', false),
(12723938, '1971-12-17', 'person_12723938@example.com', 'Mason', 'N', 'password35', 'Parker', false),
(12723939, '2002-08-29', 'person_12723939@example.com', 'Arianna', 'Q', 'password36', 'Cooper', false),
(12723940, '1991-02-14', 'person_12723940@example.com', 'Caleb', 'F', 'password37', 'Reid', false),
(12723941, '1974-09-11', 'person_12723941@example.com', 'Zoe', 'B', 'password38', 'Watts', false),
(12723942, '1993-11-03', 'person_12723942@example.com', 'Eli', 'V', 'password39', 'Hamilton', false),
(12723943, '1977-07-26', 'person_12723943@example.com', 'Audrey', 'S', 'password40', 'Fletcher', false),
(12723944, '1982-05-29', 'person_12723944@example.com', 'Nathan', 'J', 'password41', 'Gibson', false),
(12723945, '1997-08-11', 'person_12723945@example.com', 'Evelyn', 'M', 'password42', 'Bell', false),
(12723946, '1975-01-07', 'person_12723946@example.com', 'Alex', 'L', 'password43', 'Murphy', false),
(12723947, '1989-12-03', 'person_12723947@example.com', 'Isaac', 'T', 'password44', 'Rivera', false),
(12723948, '2001-06-18', 'person_12723948@example.com', 'Lila', 'H', 'password45', 'May', false),
(12723949, '1990-04-02', 'person_12723949@example.com', 'Wyatt', 'D', 'password46', 'Newman', false),
(12723950, '1972-11-25', 'person_12723950@example.com', 'Camila', 'P', 'password47', 'Bryant', false),
(12723951, '2003-09-16', 'person_12723951@example.com', 'Levi', 'R', 'password48', 'Wells', false),
(12723952, '1986-07-19', 'person_12723952@example.com', 'Samantha', 'C', 'password49', 'Webb', false),
(12723953, '1979-03-02', 'person_12723953@example.com', 'Henry', 'G', 'password50', 'Black', false),
(12723954, '1988-09-01', 'person_12723954@example.com', 'Oliver', 'J', 'password51', 'Greene', false),
(12723955, '1995-02-12', 'person_12723955@example.com', 'Liam', 'S', 'password52', 'Ford', false),
(12723956, '1983-11-07', 'person_12723956@example.com', 'Julia', 'E', 'password53', 'Owens', false),
(12723957, '2000-04-23', 'person_12723957@example.com', 'Sophia', 'N', 'password54', 'Dixon', false),
(12723958, '1974-06-16', 'person_12723958@example.com', 'Mason', 'K', 'password55', 'Hunter', false),
(12723959, '1998-12-08', 'person_12723959@example.com', 'Aria', 'M', 'password56', 'Hawkins', false),
(12723960, '1993-07-28', 'person_12723960@example.com', 'Ethan', 'P', 'password57', 'Ray', false),
(12723961, '1981-05-22', 'person_12723961@example.com', 'Avery', 'R', 'password58', 'Mills', false),
(12723962, '1976-03-17', 'person_12723962@example.com', 'Zoey', 'L', 'password59', 'Ferguson', false),
(12723963, '2002-10-02', 'person_12723963@example.com', 'Jackson', 'T', 'password60', 'Becker', false),
(12723964, '1999-01-15', 'person_12723964@example.com', 'Aiden', 'C', 'password61', 'Hayes', false),
(12723965, '1978-08-31', 'person_12723965@example.com', 'Evelyn', 'B', 'password62', 'Wright', false),
(12723966, '1985-06-07', 'person_12723966@example.com', 'Elijah', 'G', 'password63', 'Barnes', false),
(12723967, '1990-03-26', 'person_12723967@example.com', 'Aaliyah', 'F', 'password64', 'Powell', false),
(12723968, '1971-04-14', 'person_12723968@example.com', 'Caleb', 'H', 'password65', 'Sullivan', false),
(12723969, '1994-09-19', 'person_12723969@example.com', 'Aurora', 'D', 'password66', 'Wallace', false),
(12723970, '2004-12-05', 'person_12723970@example.com', 'Ezra', 'I', 'password67', 'Chambers', false),
(12723971, '1987-11-29', 'person_12723971@example.com', 'Leah', 'J', 'password68', 'Carter', false),
(12723972, '1992-02-18', 'person_12723972@example.com', 'Sebastian', 'K', 'password69', 'Ramirez', false),
(12723973, '1973-10-12', 'person_12723973@example.com', 'Penelope', 'L', 'password70', 'James', false),
(12723974, '1982-03-01', 'person_12723974@example.com', 'Lucas', 'M', 'password71', 'Reed', false),
(12723975, '2002-05-18', 'person_12723975@example.com', 'Liam', 'N', 'password72', 'Cook', false),
(12723976, '1976-12-09', 'person_12723976@example.com', 'Madison', 'O', 'password73', 'Bailey', false),
(12723977, '1991-07-27', 'person_12723977@example.com', 'Jackson', 'P', 'password74', 'Holland', false),
(12723978, '1989-02-22', 'person_12723978@example.com', 'Scarlett', 'Q', 'password75', 'Duncan', false),
(12723979, '1998-11-04', 'person_12723979@example.com', 'Cameron', 'R', 'password76', 'Smith', false),
(12723980, '2001-08-11', 'person_12723980@example.com', 'Aria', 'S', 'password77', 'Russell', false),
(12723981, '1974-09-03', 'person_12723981@example.com', 'Landon', 'T', 'password78', 'Wilkinson', false),
(12723982, '1995-06-26', 'person_12723982@example.com', 'Zoe', 'U', 'password79', 'Hart', false),
(12723983, '1984-01-21', 'person_12723983@example.com', 'Brody', 'V', 'password80', 'Nguyen', false),
(12723984, '1997-02-03', 'person_12723984@example.com', 'Ethan', 'W', 'password81', 'Gibson', false),
(12723985, '1978-12-15', 'person_12723985@example.com', 'Bailey', 'X', 'password82', 'Stewart', false),
(12723986, '1985-09-02', 'person_12723986@example.com', 'Sadie', 'Y', 'password83', 'Chapman', false),
(12723987, '1993-11-21', 'person_12723987@example.com', 'Leo', 'Z', 'password84', 'Pierce', false),
(12723988, '2000-04-06', 'person_12723988@example.com', 'Aurora', 'A', 'password85', 'Fisher', false),
(12723989, '1972-08-09', 'person_12723989@example.com', 'Hayden', 'B', 'password86', 'Harris', false),
(12723990, '1988-05-23', 'person_12723990@example.com', 'Lila', 'C', 'password87', 'Hunter', false),
(12723991, '1999-10-14', 'person_12723991@example.com', 'Jasper', 'D', 'password88', 'Burton', false),
(12723992, '1996-07-08', 'person_12723992@example.com', 'Makayla', 'E', 'password89', 'Hawkins', false),
(12723993, '1971-03-17', 'person_12723993@example.com', 'Chase', 'F', 'password90', 'Bennett', false),
(12723994, '1985-09-02', 'person_12723994@example.com', 'Sadie', 'Y', 'password83', 'Chapman', false),
(12723995, '1993-11-21', 'person_12723995@example.com', 'Lucas', 'M', 'password71', 'Reed', false),
(12723996, '1993-11-21', 'person_12723996@example.com', 'Leah', 'J', 'password68', 'Carter', false),
(12723997, '1993-11-21', 'person_12723997@example.com', 'Jackson', 'P', 'password74', 'Holland', false),
(12723998, '1993-11-21', 'person_12723998@example.com', 'Bailey', 'X', 'password82', 'Stewart', false),
(12723999, '1993-11-21', 'person_12723999@example.com', 'Caleb', 'F', 'password37', 'Reid', false),
(12724000, '1993-11-21', 'person_12724000@example.com', 'Zoe', 'B', 'password38', 'Watts', false),
(12724001, '1983-02-04', 'person_12724001@example.com', 'Julia', 'N', 'password9', 'Clark', false),
(12724002, '1973-11-28', 'person_12724002@example.com', 'Steven', 'T', 'password10', 'Robinson', false);

INSERT INTO person_roles (person_uid, roles) VALUES
(100,3),
(101,3),
(102,3),
(103,3),
(104,3),
(105,3),
(106,3),
(107,3),
(108,3),
(109,3),
(110,3),
(111,3),
(112,3),
(113,3),
(114,3),
(115,3),
(116,3),
(117,3),
(118,3),
(119,3),
(120,3),
(121,3),
(122,3),
(123,3),
(124,3),
(125,3),
(126,3),
(127,3),
(128,3),
(129,3),
(130,3),
(131,3),
(132,3),
(133,3),
(134,3),
(135,3),
(136,3),
(137,3),
(138,3),
(139,3),
(140,3),
(141,3),
(142,3),
(143,3),
(144,3),
(145,3),
(146,3),
(147,3),
(148,3),
(149,3),
(150,3),
(151,3),
(152,3),
(153,3),
(154,3),
(155,3),
(156,3),
(157,3),
(158,3),
(159,3),
(160,3),
(161,3),
(162,3),
(163,3),
(164,3),
(165,3),
(166,3),
(167,3),
(168,3),
(169,3),
(170,3),
(171,3),
(172,3),
(173,3),
(174,3),
(175,3),
(176,3),
(177,3),
(178,3),
(179,3),
(180,3),
(181,3),
(182,3),
(183,3),
(184,3),
(185,3),
(186,3),
(187,3),
(188,3),
(189,3),
(190,3),
(191,3),
(192,3),
(193,3),
(194,3),
(195,3),
(196,3),
(197,3),
(198,3),
(199,3),
(200,3),

(500,1),
(501,2),
(502,2),
(503,2),
(504,1),
(505,2),
(506,2),
(507,2),
(508,1),
(509,2),
(510,2),
(511,2),
(512,1),
(513,2),
(514,2),
(515,2),
(516,1),
(517,2),
(518,1),
(519,2),

(12723903, 0),
(12723903, 4),
(12723904, 4),
(12723905, 4),
(12723906, 4),
(12723907, 4),
(12723908, 4),
(12723909, 4),
(12723910, 4),
(12723911, 4),
(12723912, 4),
(12723913, 4),
(12723914, 4),
(12723915, 4),
(12723916, 4),
(12723917, 4),
(12723918, 4),
(12723919, 4),
(12723920, 4),
(12723921, 4),
(12723922, 4),
(12723923, 4),
(12723924, 4),
(12723925, 4),
(12723926, 4),
(12723927, 4),
(12723928, 4),
(12723929, 4),
(12723930, 4),
(12723931, 4),
(12723932, 4),
(12723933, 4),
(12723934, 4),
(12723935, 4),
(12723936, 4),
(12723937, 4),
(12723938, 4),
(12723939, 4),
(12723940, 4),
(12723941, 4),
(12723942, 4),
(12723943, 4),
(12723944, 4),
(12723945, 4),
(12723946, 4),
(12723947, 4),
(12723948, 4),
(12723949, 4),
(12723950, 4),
(12723951, 4),
(12723952, 4),
(12723953, 4),
(12723954, 4),
(12723955, 4),
(12723956, 4),
(12723957, 4),
(12723958, 4),
(12723959, 4),
(12723960, 4),
(12723961, 4),
(12723962, 4),
(12723963, 4),
(12723964, 4),
(12723965, 4),
(12723966, 4),
(12723967, 4),
(12723968, 4),
(12723969, 4),
(12723970, 4),
(12723971, 4),
(12723972, 4),
(12723973, 4),
(12723974, 4),
(12723975, 4),
(12723976, 4),
(12723977, 4),
(12723978, 4),
(12723979, 4),
(12723980, 4),
(12723981, 4),
(12723982, 4),
(12723983, 4),
(12723984, 4),
(12723985, 4),
(12723986, 4),
(12723987, 4),
(12723988, 4),
(12723989, 4),
(12723990, 4),
(12723991, 4),
(12723992, 4),
(12723993, 4),
(12723994, 4),
(12723995, 4),
(12723996, 4),
(12723997, 4),
(12723998, 4),
(12723999, 4),
(12724000, 4),
(12724001, 4),
(12724002, 4);

INSERT INTO Deanery_workers (uid, faculty_id) VALUES
(500,1),
(501,1),
(502,1),
(503,1),
(504,2),
(505,2),
(506,2),
(507,2),
(508,3),
(509,3),
(510,3),
(511,3),
(512,4),
(513,4),
(514,4),
(515,4),
(516,5),
(517,5),
(518,5),
(519,5);


INSERT INTO Teachers (uid, department_id) VALUES
(100,1 ),
(101,1 ),
(102,1 ),
(103,1 ),
(104,1 ),
(105,2 ),
(106,2 ),
(107,2 ),
(108,2 ),
(109,2 ),
(110,3 ),
(111,3 ),
(112,3 ),
(113,3 ),
(114,3 ),
(115,4 ),
(116,4 ),
(117,4 ),
(118,4 ),
(119,4 ),
(120,5 ),
(121,5 ),
(122,5 ),
(123,5 ),
(124,5 ),
(125,6 ),
(126,6 ),
(127,6 ),
(128,6 ),
(129,6 ),
(130,7 ),
(131,7 ),
(132,7 ),
(133,7 ),
(134,7 ),
(135,8 ),
(136,8 ),
(137,8 ),
(138,8 ),
(139,8 ),
(140,9 ),
(141,9 ),
(142,9 ),
(143,9 ),
(144,9 ),
(145,10),
(146,10),
(147,10),
(148,10),
(149,10),
(150,11),
(151,11),
(152,11),
(153,11),
(154,11),
(155,12),
(156,12),
(157,12),
(158,12),
(159,12),
(160,13),
(161,13),
(162,13),
(163,13),
(164,13),
(165,14),
(166,14),
(167,14),
(168,14),
(169,14),
(170,15),
(171,15),
(172,15),
(173,15),
(174,15),
(175,16),
(176,16),
(177,16),
(178,16),
(179,16),
(180,17),
(181,17),
(182,17),
(183,17),
(184,17),
(185,18),
(186,18),
(187,18),
(188,18),
(189,18),
(190,19),
(191,19),
(192,19),
(193,19),
(194,19),
(195,20),
(196,20),
(197,20),
(198,20),
(199,20),
(200,20);

INSERT INTO Stundent_groups (id, name, curator_uid, department_id, group_leader_uid, deleted) VALUES
(1,  'KI 19-1', 100, '1', null, false),
(2, 'KI 19-2', 101, '1', null, false),
(3,  'APP 19-1', 102, '1', null, false),
(4,  'APP 19-2', 103, '1', null, false),
(5,  'KH 19-1', 120, '5', null, false),
(6,  'KH 19-2', 121, '5', null, false),
(7,  'KM 19-1', 122, '5', null, false),
(8,  'KM 19-2', 123, '5', null, false),
(9,  'KK 19-1', 150, '11', null, false),
(10, 'KK 19-2', 151, '11', null, false);

INSERT INTO Students (uid, group_id) VALUES
(12723903, 1 ),
(12723904, 1 ),
(12723905, 1 ),
(12723906, 1 ),
(12723907, 1 ),
(12723908, 1 ),
(12723909, 1 ),
(12723910, 1 ),
(12723911, 1 ),
(12723912, 1 ),
(12723913, 2 ),
(12723914, 2 ),
(12723915, 2 ),
(12723916, 2 ),
(12723917, 2 ),
(12723918, 2 ),
(12723919, 2 ),
(12723920, 2 ),
(12723921, 2 ),
(12723922, 2 ),
(12723923, 3 ),
(12723924, 3 ),
(12723925, 3 ),
(12723926, 3 ),
(12723927, 3 ),
(12723928, 3 ),
(12723929, 3 ),
(12723930, 3 ),
(12723931, 3 ),
(12723932, 3 ),
(12723933, 4 ),
(12723934, 4 ),
(12723935, 4 ),
(12723936, 4 ),
(12723937, 4 ),
(12723938, 4 ),
(12723939, 4 ),
(12723940, 4 ),
(12723941, 4 ),
(12723942, 4 ),
(12723943, 5 ),
(12723944, 5 ),
(12723945, 5 ),
(12723946, 5 ),
(12723947, 5 ),
(12723948, 5 ),
(12723949, 5 ),
(12723950, 5 ),
(12723951, 5 ),
(12723952, 5 ),
(12723953, 6 ),
(12723954, 6 ),
(12723955, 6 ),
(12723956, 6 ),
(12723957, 6 ),
(12723958, 6 ),
(12723959, 6 ),
(12723960, 6 ),
(12723961, 6 ),
(12723962, 6 ),
(12723963, 7 ),
(12723964, 7 ),
(12723965, 7 ),
(12723966, 7 ),
(12723967, 7 ),
(12723968, 7 ),
(12723969, 7 ),
(12723970, 7 ),
(12723971, 7 ),
(12723972, 7 ),
(12723973, 8 ),
(12723974, 8 ),
(12723975, 8 ),
(12723976, 8 ),
(12723977, 8 ),
(12723978, 8 ),
(12723979, 8 ),
(12723980, 8 ),
(12723981, 8 ),
(12723982, 8 ),
(12723983, 9 ),
(12723984, 9 ),
(12723985, 9 ),
(12723986, 9 ),
(12723987, 9 ),
(12723988, 9 ),
(12723989, 9 ),
(12723990, 9 ),
(12723991, 9 ),
(12723992, 9 ),
(12723993, 10),
(12723994, 10),
(12723995, 10),
(12723996, 10),
(12723997, 10),
(12723998, 10),
(12723999, 10),
(12724000, 10),
(12724001, 10),
(12724002, 10);

INSERT INTO Teachers_journals (id, deleted, teacher_uid) VALUES
(1   , false, 100),
(2   , false, 101),
(3   , false, 102),
(4   , false, 103),
(5   , false, 104),
(6   , false, 105),
(7   , false, 106),
(8   , false, 107),
(9   , false, 108),
(10  , false, 109),
(11  , false, 110),
(12  , false, 111),
(13  , false, 112),
(14  , false, 113),
(15  , false, 114),
(16  , false, 115),
(17  , false, 116),
(18  , false, 117),
(19  , false, 118),
(20  , false, 119),
(21  , false, 120),
(22  , false, 121),
(23  , false, 122),
(24  , false, 123),
(25  , false, 124),
(26  , false, 125),
(27  , false, 126),
(28  , false, 127),
(29  , false, 128),
(30  , false, 129),
(31  , false, 130),
(32  , false, 131),
(33  , false, 132),
(34  , false, 133),
(35  , false, 134),
(36  , false, 135),
(37  , false, 136),
(38  , false, 137),
(39  , false, 138),
(40  , false, 139),
(41  , false, 140),
(42  , false, 141),
(43  , false, 142),
(44  , false, 143),
(45  , false, 144),
(46  , false, 145),
(47  , false, 146),
(48  , false, 147),
(49  , false, 148),
(50  , false, 149),
(51  , false, 150),
(52  , false, 151),
(53  , false, 152),
(54  , false, 153),
(55  , false, 154),
(56  , false, 155),
(57  , false, 156),
(58  , false, 157),
(59  , false, 158),
(60  , false, 159),
(61  , false, 160),
(62  , false, 161),
(63  , false, 162),
(64  , false, 163),
(65  , false, 164),
(66  , false, 165),
(67  , false, 166),
(68  , false, 167),
(69  , false, 168),
(70  , false, 169),
(71  , false, 170),
(72  , false, 171),
(73  , false, 172),
(74  , false, 173),
(75  , false, 174),
(76  , false, 175),
(77  , false, 176),
(78  , false, 177),
(79  , false, 178),
(80  , false, 179),
(81  , false, 180),
(82  , false, 181),
(83  , false, 182),
(84  , false, 183),
(85  , false, 184),
(86  , false, 185),
(87  , false, 186),
(88  , false, 187),
(89  , false, 188),
(90  , false, 189),
(91  , false, 190),
(92  , false, 191),
(93  , false, 192),
(94  , false, 193),
(95  , false, 194),
(96  , false, 195),
(97  , false, 196),
(98  , false, 197),
(99  , false, 198),
(100 , false, 199),
(101 , false, 200);


INSERT INTO Journals_pages (id, archive, page_name, journal_id) VALUES
(1  , false, 'Subject-001', 001),
(2  , false, 'Subject-002', 002),
(3  , false, 'Subject-003', 003),
(4  , false, 'Subject-004', 004),
(5  , false, 'Subject-005', 005),
(6  , false, 'Subject-006', 006),
(7  , false, 'Subject-007', 007),
(8  , false, 'Subject-008', 008),
(9  , false, 'Subject-009', 009),
(10 , false, 'Subject-010', 010),
(11 , false, 'Subject-011', 011),
(12 , false, 'Subject-012', 012),
(13 , false, 'Subject-013', 013),
(14 , false, 'Subject-014', 014),
(15 , false, 'Subject-015', 015),
(16 , false, 'Subject-016', 016),
(17 , false, 'Subject-017', 017),
(18 , false, 'Subject-018', 018),
(19 , false, 'Subject-019', 019),
(20 , false, 'Subject-020', 020),
(21 , false, 'Subject-021', 021),
(22 , false, 'Subject-022', 022),
(23 , false, 'Subject-023', 023),
(24 , false, 'Subject-024', 024),
(25 , false, 'Subject-025', 025),
(26 , false, 'Subject-026', 026),
(27 , false, 'Subject-027', 027),
(28 , false, 'Subject-028', 028),
(29 , false, 'Subject-029', 029),
(30 , false, 'Subject-030', 030),
(31 , false, 'Subject-031', 031),
(32 , false, 'Subject-032', 032),
(33 , false, 'Subject-033', 033),
(34 , false, 'Subject-034', 034),
(35 , false, 'Subject-035', 035),
(36 , false, 'Subject-036', 036),
(37 , false, 'Subject-037', 037),
(38 , false, 'Subject-038', 038),
(39 , false, 'Subject-039', 039),
(40 , false, 'Subject-040', 040),
(41 , false, 'Subject-041', 041),
(42 , false, 'Subject-042', 042),
(43 , false, 'Subject-043', 043),
(44 , false, 'Subject-044', 044),
(45 , false, 'Subject-045', 045),
(46 , false, 'Subject-046', 046),
(47 , false, 'Subject-047', 047),
(48 , false, 'Subject-048', 048),
(49 , false, 'Subject-049', 049),
(50 , false, 'Subject-050', 050),
(51 , false, 'Subject-051', 051),
(52 , false, 'Subject-052', 052),
(53 , false, 'Subject-053', 053),
(54 , false, 'Subject-054', 054),
(55 , false, 'Subject-055', 055),
(56 , false, 'Subject-056', 056),
(57 , false, 'Subject-057', 057),
(58 , false, 'Subject-058', 058),
(59 , false, 'Subject-059', 059),
(60 , false, 'Subject-060', 060),
(61 , false, 'Subject-061', 061),
(62 , false, 'Subject-062', 062),
(63 , false, 'Subject-063', 063),
(64 , false, 'Subject-064', 064),
(65 , false, 'Subject-065', 065),
(66 , false, 'Subject-066', 066),
(67 , false, 'Subject-067', 067),
(68 , false, 'Subject-068', 068),
(69 , false, 'Subject-069', 069),
(70 , false, 'Subject-070', 070),
(71 , false, 'Subject-071', 071),
(72 , false, 'Subject-072', 072),
(73 , false, 'Subject-073', 073),
(74 , false, 'Subject-074', 074),
(75 , false, 'Subject-075', 075),
(76 , false, 'Subject-076', 076),
(77 , false, 'Subject-077', 077),
(78 , false, 'Subject-078', 078),
(79 , false, 'Subject-079', 079),
(80 , false, 'Subject-080', 080),
(81 , false, 'Subject-081', 081),
(82 , false, 'Subject-082', 082),
(83 , false, 'Subject-083', 083),
(84 , false, 'Subject-084', 084),
(85 , false, 'Subject-085', 085),
(86 , false, 'Subject-086', 086),
(87 , false, 'Subject-087', 087),
(88 , false, 'Subject-088', 088),
(89 , false, 'Subject-089', 089),
(90 , false, 'Subject-090', 090),
(91 , false, 'Subject-091', 091),
(92 , false, 'Subject-092', 092),
(93 , false, 'Subject-093', 093),
(94 , false, 'Subject-094', 094),
(95 , false, 'Subject-095', 095),
(96 , false, 'Subject-096', 096),
(97 , false, 'Subject-097', 097),
(98 , false, 'Subject-098', 098),
(99 , false, 'Subject-099', 099),
(100, false, 'Subject-100', 100),
(101, false, 'Subject-101', 101),
(102, false, 'Subject-1000', 001),
(103, false, 'Subject-1001', 002),
(104, false, 'Subject-1002', 003),
(105, false, 'Subject-1003', 004),
(106, false, 'Subject-1004', 005),
(107, false, 'Subject-1005', 006),
(108, false, 'Subject-1006', 007),
(109, false, 'Subject-1007', 008),
(110, false, 'Subject-1008', 009),
(111, false, 'Subject-1009', 010),
(112, false, 'Subject-1010', 011),
(113, false, 'Subject-1011', 012),
(114, false, 'Subject-1012', 013),
(115, false, 'Subject-1013', 014),
(116, false, 'Subject-1014', 015),
(117, false, 'Subject-1015', 016),
(118, false, 'Subject-1016', 017),
(119, false, 'Subject-1017', 018),
(120, false, 'Subject-1018', 019),
(121, false, 'Subject-1019', 020),
(122, false, 'Subject-1020', 021),
(123, false, 'Subject-1021', 022),
(124, false, 'Subject-1022', 023),
(125, false, 'Subject-1023', 024),
(126, false, 'Subject-1024', 025),
(127, false, 'Subject-1025', 026),
(128, false, 'Subject-1026', 027),
(129, false, 'Subject-1027', 028),
(130, false, 'Subject-1028', 029),
(131, false, 'Subject-1029', 030),
(132, false, 'Subject-1030', 031),
(133, false, 'Subject-1031', 032),
(134, false, 'Subject-1032', 033),
(135, false, 'Subject-1033', 034),
(136, false, 'Subject-1034', 035),
(137, false, 'Subject-1035', 036),
(138, false, 'Subject-1036', 037),
(139, false, 'Subject-1037', 038),
(140, false, 'Subject-1038', 039),
(141, false, 'Subject-1039', 040),
(142, false, 'Subject-1040', 041),
(143, false, 'Subject-1041', 042),
(144, false, 'Subject-1042', 043),
(145, false, 'Subject-1043', 044),
(146, false, 'Subject-1044', 045),
(147, false, 'Subject-1045', 046),
(148, false, 'Subject-1046', 047),
(149, false, 'Subject-1047', 048),
(150, false, 'Subject-1048', 049),
(151, false, 'Subject-1049', 050),
(152, false, 'Subject-1050', 051),
(153, false, 'Subject-1051', 052),
(154, false, 'Subject-1052', 053),
(155, false, 'Subject-1053', 054),
(156, false, 'Subject-1054', 055),
(157, false, 'Subject-1055', 056),
(158, false, 'Subject-1056', 057),
(159, false, 'Subject-1057', 058),
(160, false, 'Subject-1058', 059),
(161, false, 'Subject-1059', 060),
(162, false, 'Subject-1060', 061),
(163, false, 'Subject-1061', 062),
(164, false, 'Subject-1062', 063),
(165, false, 'Subject-1063', 064),
(166, false, 'Subject-1064', 065),
(167, false, 'Subject-1065', 066),
(168, false, 'Subject-1066', 067),
(169, false, 'Subject-1067', 068),
(170, false, 'Subject-1068', 069),
(171, false, 'Subject-1069', 070),
(172, false, 'Subject-1070', 071),
(173, false, 'Subject-1071', 072),
(174, false, 'Subject-1072', 073),
(175, false, 'Subject-1073', 074),
(176, false, 'Subject-1074', 075),
(177, false, 'Subject-1075', 076),
(178, false, 'Subject-1076', 077),
(179, false, 'Subject-1077', 078),
(180, false, 'Subject-1078', 079),
(181, false, 'Subject-1079', 080),
(182, false, 'Subject-1080', 081),
(183, false, 'Subject-1081', 082),
(184, false, 'Subject-1082', 083),
(185, false, 'Subject-1083', 084),
(186, false, 'Subject-1084', 085),
(187, false, 'Subject-1085', 086),
(188, false, 'Subject-1086', 087),
(189, false, 'Subject-1087', 088),
(190, false, 'Subject-1088', 089),
(191, false, 'Subject-1089', 090),
(192, false, 'Subject-1090', 091),
(193, false, 'Subject-1091', 092),
(194, false, 'Subject-1092', 093),
(195, false, 'Subject-1093', 094),
(196, false, 'Subject-1094', 095),
(197, false, 'Subject-1095', 096),
(198, false, 'Subject-1096', 097),
(199, false, 'Subject-1097', 098),
(200, false, 'Subject-1098', 099),
(201, false, 'Subject-1099', 100),
(202, false, 'Subject-1100', 101);

INSERT INTO journals_pages_student_groups (pages_id, student_groups_id) VALUES
(1, 1),
(1, 2),
(1, 3);

INSERT INTO events (id, semester, date, description, event_theme, event_type, page_id) VALUES
(1 , 8, '2023-01-15', 'Introduction to Software Engineering', 'Software Engineering', 0, 1),
(2 , 8, '2023-01-23', 'Guest Speaker: Software Engineer from Google', 'Software Engineering', 0, 1),
(3 , 8, '2023-02-05', 'Hackathon: Build a Web App in a Day', 'Software Engineering', 0, 1),
(4 , 8, '2023-02-14', 'Valentines Day Social: Code with Your Crush', 'Software Engineering', 1, 1),
(5 , 8, '2023-03-01', 'Design Patterns Workshop', 'Software Engineering', 1, 1),
(6 , 8, '2023-03-14', 'Code Review: Bring Your Toughest Bug', 'Software Engineering', 3, 1),
(7 , 8, '2023-03-21', 'Tech Talk: The Future of Machine Learning', 'Software Engineering', 0, 1),
(8 , 8, '2023-04-01', 'April Fools Code Golf Challenge', 'Software Engineering', 1, 1),
(9 , 8, '2023-04-10', 'Agile Development Workshop', 'Software Engineering', 2, 1),
(10, 8, '2023-04-22', 'Group Project: Build a Chat App', 'Software Engineering', 2, 1),
(11, 8, '2023-04-28', 'Guest Speaker: Software Engineer from Facebook', 'Software Engineering', 0, 1),
(12, 8, '2023-04-30', 'Tech Entrepreneurship Panel', 'Entrepreneurship', 1, 1),
(13, 8, '2023-05-01', 'Demo Day: Present Your Final Projects', 'Software Engineering', 4, 1),
(14, 8, '2023-05-01', 'Final Exam: Software Engineering', 'Software Engineering', 6, 1),
(15, 8, '2023-05-07', 'Graduation Ceremony: Congratulations Class of 2023!', 'Graduation', 7, 1);

INSERT INTO events (id, semester, date, description, event_theme, event_type, page_id) VALUES
(16, 8, '2023-01-15', 'Workshop on Cybersecurity in Cloud Computing', 'Cloud Security', 0, 43),
(17, 8, '2023-01-25', 'Guest Lecture on Cryptography in Information Security', 'Cryptography', 0, 43),
(18, 8, '2023-02-03', 'Webinar on Security Measures in Enterprise Information Systems', 'Enterprise Security', 1, 43),
(19, 8, '2023-02-14', 'Panel Discussion on the Future of Information Security', 'Future of Security', 1, 43),
(20, 8, '2023-02-22', 'Training Session on Cyber Threat Intelligence', 'Threat Intelligence', 1, 43),
(21, 8, '2023-03-01', 'Seminar on Blockchain Technology and Security', 'Blockchain Security', 3, 43),
(22, 8, '2023-03-09', 'Workshop on Incident Response Planning', 'Incident Response', 2, 43),
(23, 8, '2023-03-17', 'Guest Lecture on Cybercrime Investigations', 'Cybercrime', 2, 43),
(24, 8, '2023-03-28', 'Webinar on Access Control in Information Security', 'Access Control', 1, 43),
(25, 8, '2023-04-05', 'Panel Discussion on Cybersecurity Governance', 'Governance', 1, 43),
(26, 8, '2023-04-13', 'Training Session on Penetration Testing', 'Penetration Testing', 1, 43),
(27, 8, '2023-04-21', 'Seminar on Security in Internet of Things', 'IoT Security', 2, 43),
(28, 8, '2023-04-29', 'Workshop on Secure Software Development', 'Secure Software', 2, 43),
(29, 8, '2023-05-01', 'Guest Lecture on Privacy and Security in Social Media', 'Social Media Security', 4, 43),
(30, 8, '2023-05-08', 'Webinar on Cybersecurity Risk Management', 'Risk Management', 5, 43);

INSERT INTO events (id, semester, date, description, event_theme, event_type, page_id) VALUES
(32, 8, '2023-01-12', 'Python Programming Basics Workshop', 'Python', 0, 76),
(33, 8, '2023-01-18', 'Guest Lecture on Object-Oriented Programming in Python', 'Python OOP', 0, 76),
(34, 8, '2023-01-27', 'Webinar on Best Practices in Software Development', 'Software Development', 2, 76),
(35, 8, '2023-02-07', 'Panel Discussion on the Future of Programming', 'Future of Programming', 0, 76),
(36, 8, '2023-02-15', 'Training Session on Data Structures in Python', 'Data Structures', 1, 76),
(37, 8, '2023-02-23', 'Seminar on Functional Programming in Haskell', 'Haskell', 3, 76),
(38, 8, '2023-03-02', 'Workshop on Mobile App Development with React Native', 'React Native', 2, 76),
(39, 8, '2023-03-10', 'Guest Lecture on Algorithms and Data Structures', 'Algorithms and Data Structures', 0, 76),
(40, 8, '2023-03-20', 'Webinar on Test-Driven Development', 'Test-Driven Development', 1, 76),
(41, 8, '2023-03-28', 'Panel Discussion on Programming Languages', 'Programming Languages', 1, 76),
(42, 8, '2023-04-06', 'Training Session on Machine Learning in Python', 'Machine Learning', 1, 76),
(43, 8, '2023-04-14', 'Seminar on Web Development with AngularJS', 'AngularJS', 1, 76),
(44, 8, '2023-04-22', 'Workshop on Game Development with Unity', 'Unity', 2, 76),
(45, 8, '2023-04-30', 'Guest Lecture on Software Design Patterns', 'Design Patterns', 4, 76),
(46, 8, '2023-05-09', 'Webinar on Agile Software Development', 'Agile Development', 6, 76);

INSERT INTO events (id, semester, date, description, event_theme, event_type, page_id) VALUES
(47, 8, '2023-01-14', 'Introduction to Computer Networks Workshop', 'Intro to Networks', 0, 21),
(48, 8, '2023-01-20', 'Guest Lecture on Network Security', 'Network Security', 1, 21),
(49, 8, '2023-01-29', 'Webinar on Wireless Networks', 'Wireless Networks', 2, 21),
(50, 8, '2023-02-09', 'Panel Discussion on the Future of Networking', 'Future of Networking', 1, 21),
(51, 8, '2023-02-17', 'Training Session on Network Administration', 'Network Administration', 1, 21),
(52, 8, '2023-02-25', 'Seminar on Software-Defined Networking', 'SDN', 0, 21),
(53, 8, '2023-03-04', 'Workshop on Network Programming with Python', 'Network Programming', 2, 21),
(54, 8, '2023-03-12', 'Guest Lecture on Cloud Networking', 'Cloud Networking', 0, 21),
(55, 8, '2023-03-22', 'Webinar on Network Virtualization', 'Network Virtualization', 1, 21),
(56, 8, '2023-03-30', 'Panel Discussion on Network Protocols', 'Network Protocols', 1, 21),
(57, 8, '2023-04-07', 'Training Session on Network Troubleshooting', 'Network Troubleshooting', 1, 21),
(58, 8, '2023-04-15', 'Seminar on Network Architecture', 'Network Architecture', 3, 21),
(59, 8, '2023-04-23', 'Workshop on Network Simulation with GNS3', 'Network Simulation', 2, 21),
(60, 8, '2023-05-01', 'Guest Lecture on Network Performance Optimization', 'Network Performance', 4, 21),
(61, 8, '2023-05-10', 'Webinar on Network Management', 'Network Management', 6, 21);

INSERT INTO events (id, semester, date, description, event_theme, event_type, page_id) VALUES
(62, 7, '2022-09-07', 'Introduction to Cybersecurity Workshop', 'Intro to Cybersecurity', 0, 19),
(63, 7, '2022-09-15', 'Guest Lecture on Malware Analysis', 'Malware Analysis', 1, 19),
(64, 7, '2022-09-25', 'Webinar on Cryptography', 'Cryptography', 2, 19),
(65, 7, '2022-10-06', 'Panel Discussion on the Ethics of Hacking', 'Ethics of Hacking', 1, 19),
(66, 7, '2022-10-14', 'Training Session on Penetration Testing', 'Penetration Testing', 1, 19),
(67, 7, '2022-10-22', 'Seminar on Network Security', 'Network Security', 0, 19),
(68, 7, '2022-10-31', 'Workshop on Cyber Forensics', 'Cyber Forensics', 2, 19),
(69, 7, '2022-11-08', 'Guest Lecture on Cloud Security', 'Cloud Security', 0, 19),
(70, 7, '2022-11-16', 'Webinar on Cyber Threat Intelligence', 'Threat Intelligence', 2, 19),
(71, 7, '2022-11-24', 'Panel Discussion on Cyber Warfare', 'Cyber Warfare', 0, 19),
(72, 7, '2022-12-02', 'Training Session on Incident Response', 'Incident Response', 1, 19),
(73, 7, '2022-12-10', 'Seminar on Cyber Insurance', 'Cyber Insurance', 3, 19),
(74, 7, '2022-12-18', 'Workshop on Cybersecurity Policy Development', 'Policy Development', 2, 19),
(75, 7, '2022-12-26', 'Guest Lecture on Cybersecurity Career Paths', 'Career Paths', 4, 19),
(76, 7, '2022-12-30', 'Webinar on Cybersecurity Risk Management', 'Risk Management', 5, 19);

INSERT INTO events (id, semester, date, description, event_theme, event_type, page_id) VALUES
(77 , 7, '2022-09-02', 'Introduction to Kotlin Programming Workshop', 'Kotlin Programming', 0, 91),
(78 , 7, '2022-09-10', 'Guest Lecture on Python Web Development', 'Python Web Development', 1, 91),
(79 , 7, '2022-09-20', 'Webinar on JavaScript Frameworks', 'JavaScript Frameworks', 2, 91),
(80 , 7, '2022-10-01', 'Panel Discussion on Software Engineering Best Practices', 'Software Engineering Best Practices', 1, 91),
(81 , 7, '2022-10-09', 'Training Session on Java Programming', 'Java Programming', 1, 91),
(82 , 7, '2022-10-17', 'Seminar on Agile SoftwareDevelopment', 'Agile Software Development', 3, 91),
(83 , 7, '2022-10-26', 'Workshop on Mobile App Development', 'Mobile App Development', 2, 91),
(84 , 7, '2022-11-03', 'Guest Lecture on Data Structures and Algorithms', 'Data Structures and Algorithms', 0, 91),
(85 , 7, '2022-11-11', 'Webinar on Functional Programming', 'Functional Programming', 2, 91),
(86 , 7, '2022-11-19', 'Panel Discussion on Software Testing', 'Software Testing', 1, 91),
(87 , 7, '2022-11-27', 'Training Session on Object-Oriented Programming', 'Object-Oriented Programming', 0, 91),
(88 , 7, '2022-12-05', 'Seminar on Database Design', 'Database Design', 2, 91),
(89 , 7, '2022-12-13', 'Workshop on Full Stack Development', 'Full Stack Development', 2, 91),
(90 , 7, '2022-12-21', 'Guest Lecture on Machine Learning with Python', 'Machine Learning with Python', 4, 91),
(91 , 7, '2022-12-27', 'Webinar on DevOps Tools', 'DevOps Tools', 2, 91),
(92 , 7, '2022-12-29', 'Panel Discussion on Software Security', 'Software Security', 6, 91);

INSERT INTO events (id, semester, date, description, event_theme, event_type, page_id) VALUES
(93  , 7, '2022-09-04', 'Introduction to Network Protocols Workshop', 'Network Protocols', 0, 55),
(94  , 7, '2022-09-12', 'Guest Lecture on Network Security', 'Network Security', 1, 55),
(95  , 7, '2022-09-21', 'Webinar on Software-Defined Networking', 'Software-Defined Networking', 2, 55),
(96  , 7, '2022-10-02', 'Panel Discussion on Network Performance Optimization', 'Network Performance Optimization', 0, 55),
(97  , 7, '2022-10-10', 'Training Session on Wireshark', 'Wireshark', 1, 55),
(98  , 7, '2022-10-18', 'Seminar on Network Architecture Design', 'Network Architecture Design', 3, 55),
(99  , 7, '2022-10-27', 'Workshop on Network Troubleshooting', 'Network Troubleshooting', 2, 55),
(100 , 7, '2022-11-04', 'Guest Lecture on TCP/IP Networking', 'TCP/IP Networking', 4, 55),
(101 , 7, '2022-11-12', 'Webinar on Network Virtualization', 'Network Virtualization', 2, 55),
(102 , 7, '2022-11-20', 'Panel Discussion on Network Forensics', 'Network Forensics', 0, 55),
(103 , 7, '2022-11-28', 'Training Session on Network Administration', 'Network Administration', 1, 55),
(104 , 7, '2022-12-06', 'Seminar on Network Management', 'Network Management', 3, 55),
(105 , 7, '2022-12-14', 'Workshop on Network Automation', 'Network Automation', 2, 55),
(106 , 7, '2022-12-22', 'Guest Lecture on Cloud Networking', 'Cloud Networking', 4, 55),
(107 , 7, '2022-12-28', 'Webinar on Network Function Virtualization', 'Network Function Virtualization', 2, 55),
(108 , 7, '2022-12-30', 'Panel Discussion on Network Security Threats', 'Network Security Threats', 6, 55);

INSERT INTO events_student_groups (events_id, student_groups_id) VALUES
(1, 1),
(1, 2),
(1, 3),
(2, 1),
(2, 2),
(2, 3),
(3, 1),
(3, 2),
(3, 3),
(4, 1),
(4, 2),
(4, 3),
(5, 1),
(5, 2),
(5, 3),
(6, 1),
(6, 2),
(6, 3);

INSERT INTO event_data (id, page_id, teacher_uid, event_date, event_description, event_id, event_theme, event_type, page_name, semester) VALUES
(1 , 21, 100,'2023-04-24 21:28:15.000000', 'Webinar on Network Management', 60, 'Network Management', 6, 'SOMEPAGE1', 8),
(2 , 1, 100,'2023-04-24 21:28:15.000000', 'Final Exam: Software Engineering', 14, 'Software Engineering', 6, 'SOMEPAGE2', 8),
(3 , 76, 100,'2023-04-24 21:28:15.000000', 'Webinar on Agile Software Development', 45, 'Agile Development', 6, 'SOMEPAGE3', 8),
(4 , 91, 100,'2023-04-24 21:28:15.000000', 'Panel Discussion on Software Security', 91, 'Software Security', 6, 'SOMEPAGE4', 8),
(5 , 55, 100,'2023-04-24 21:28:15.000000', 'Panel Discussion on Network Security Threats', 107, 'Network Security Threats', 6, 'SOMEPAGE5', 8),
(6 , 43, 100,'2023-04-24 21:28:15.000000', 'Webinar on Cybersecurity Risk Management', 75, 'Risk Management', 6, 'SOMEPAGE6', 8),
(7 , 19, 100,'2023-04-24 21:28:15.000000', 'Webinar on Cybersecurity Risk Management', 30, 'Risk Management', 6, 'SOMEPAGE7', 8),
(8 , 1, 100,'2023-04-24 21:28:15.000000', 'Demo Day: Present Your Final Projects', 13, 'Software Engineering', 4, 'SOMEPAGE8', 8),
(9 , 76, 100,'2023-04-24 21:28:15.000000', 'Guest Lecture on Software Design Patterns', 44, 'Design Patterns', 4, 'SOMEPAGE9', 8),
(10, 43, 100,'2023-04-24 21:28:15.000000', 'Guest Lecture on Privacy and Security in Social Media', 29, 'Social Media Security', 4, 'SOMEPAGE10', 8),
(11, 55, 100,'2023-04-24 21:28:15.000000', 'Guest Lecture on Cloud Networking', 105, 'Cloud Networking', 4, 'SOMEPAGE11', 8),
(12, 91, 100,'2023-04-24 21:28:15.000000', 'Guest Lecture on Machine Learning with Python', 89, 'Machine Learning with Python', 4, 'SOMEPAGE12', 8),
(13, 19, 100,'2023-04-24 21:28:15.000000', 'Guest Lecture on Cybersecurity Career Paths', 74, 'Career Paths', 4, 'SOMEPAGE13', 8),
(14, 21, 100,'2023-04-24 21:28:15.000000', 'Guest Lecture on Network Performance Optimization', 59, 'Network Performance', 4, 'SOMEPAGE14', 8),
(15, 55, 100,'2023-04-24 21:28:15.000000', 'Guest Lecture on TCP/IP Networking', 99, 'TCP/IP Networking', 6, 'SOMEPAGE15', 8);


INSERT INTO reports (id, created, report_name, updated, event_data_id, student_group_id) VALUES
(1 , '2023-04-24 21:26:40.000000', '01', null, 1 , 1),
(2 , '2023-04-24 21:26:40.000000', '02', null, 2 , 1),
(3 , '2023-04-24 21:26:40.000000', '03', null, 3 , 1),
(4 , '2023-04-24 21:26:40.000000', '04', null, 4 , 1),
(5 , '2023-04-24 21:26:40.000000', '05', null, 5 , 1),
(6 , '2023-04-24 21:26:40.000000', '06', null, 6 , 1),
(7 , '2023-04-24 21:26:40.000000', '07', null, 7 , 1),
(8 , '2023-04-24 21:26:40.000000', '08', null, 8 , 1),
(9 , '2023-04-24 21:26:40.000000', '09', null, 9 , 1),
(10, '2023-04-24 21:26:40.000000', '10', null, 10, 1),
(11, '2023-04-24 21:26:40.000000', '11', null, 11, 1),
(12, '2023-04-24 21:26:40.000000', '12', null, 12, 1),
(13, '2023-04-24 21:26:40.000000', '13', null, 13, 1),
(14, '2023-04-24 21:26:40.000000', '14', null, 14, 1);

INSERT INTO student_attendance (report_id, attendance, student_attendance_key) VALUES
(1 , true, 12723903),
(1 , true, 12723904),
(1 , true, 12723905),
(1 , true, 12723906),
(1 , true, 12723907),
(1 , true, 12723908),
(1 , true, 12723909),
(1 , true, 12723910),
(1 , true, 12723911),
(1 , true, 12723912),
(2 , true, 12723903),
(2 , true, 12723904),
(2 , true, 12723905),
(2 , true, 12723906),
(2 , true, 12723907),
(2 , true, 12723908),
(2 , true, 12723909),
(2 , true, 12723910),
(2 , true, 12723911),
(2 , true, 12723912),
(3 , true, 12723903),
(3 , true, 12723904),
(3 , true, 12723905),
(3 , true, 12723906),
(3 , true, 12723907),
(3 , true, 12723908),
(3 , true, 12723909),
(3 , true, 12723910),
(3 , true, 12723911),
(3 , true, 12723912),
(4 , true, 12723903),
(4 , true, 12723904),
(4 , true, 12723905),
(4 , true, 12723906),
(4 , true, 12723907),
(4 , true, 12723908),
(4 , true, 12723909),
(4 , true, 12723910),
(4 , true, 12723911),
(4 , true, 12723912),
(5 , true, 12723903),
(5 , true, 12723904),
(5 , true, 12723905),
(5 , true, 12723906),
(5 , true, 12723907),
(5 , true, 12723908),
(5 , true, 12723909),
(5 , true, 12723910),
(5 , true, 12723911),
(5 , true, 12723912),
(6 , true, 12723903),
(6 , true, 12723904),
(6 , true, 12723905),
(6 , true, 12723906),
(6 , true, 12723907),
(6 , true, 12723908),
(6 , true, 12723909),
(6 , true, 12723910),
(6 , true, 12723911),
(6 , true, 12723912),
(7 , true, 12723903),
(7 , true, 12723904),
(7 , true, 12723905),
(7 , true, 12723906),
(7 , true, 12723907),
(7 , true, 12723908),
(7 , true, 12723909),
(7 , true, 12723910),
(7 , true, 12723911),
(7 , true, 12723912),
(8 , true, 12723903),
(8 , true, 12723904),
(8 , true, 12723905),
(8 , true, 12723906),
(8 , true, 12723907),
(8 , true, 12723908),
(8 , true, 12723909),
(8 , true, 12723910),
(8 , true, 12723911),
(8 , true, 12723912),
(9 , true, 12723903),
(9 , true, 12723904),
(9 , true, 12723905),
(9 , true, 12723906),
(9 , true, 12723907),
(9 , true, 12723908),
(9 , true, 12723909),
(9 , true, 12723910),
(9 , true, 12723911),
(9 , true, 12723912),
(10, true, 12723903),
(10, true, 12723904),
(10, true, 12723905),
(10, true, 12723906),
(10, true, 12723907),
(10, true, 12723908),
(10, true, 12723909),
(10, true, 12723910),
(10, true, 12723911),
(10, true, 12723912),
(11, true, 12723903),
(11, true, 12723904),
(11, true, 12723905),
(11, true, 12723906),
(11, true, 12723907),
(11, true, 12723908),
(11, true, 12723909),
(11, true, 12723910),
(11, true, 12723911),
(11, true, 12723912),
(12, true, 12723903),
(12, true, 12723904),
(12, true, 12723905),
(12, true, 12723906),
(12, true, 12723907),
(12, true, 12723908),
(12, true, 12723909),
(12, true, 12723910),
(12, true, 12723911),
(12, true, 12723912),
(13, true, 12723903),
(13, true, 12723904),
(13, true, 12723905),
(13, true, 12723906),
(13, true, 12723907),
(13, true, 12723908),
(13, true, 12723909),
(13, true, 12723910),
(13, true, 12723911),
(13, true, 12723912),
(14, true, 12723903),
(14, true, 12723904),
(14, true, 12723905),
(14, true, 12723906),
(14, true, 12723907),
(14, true, 12723908),
(14, true, 12723909),
(14, true, 12723910),
(14, true, 12723911),
(14, true, 12723912);

INSERT INTO student_marks_map (report_id, mark, student_marks_key) VALUES
(1 , 77, 12723903),
(1 , 89, 12723904),
(1 , 95, 12723905),
(1 , 84, 12723906),
(1 , 93, 12723907),
(1 , 90, 12723908),
(1 , 98, 12723909),
(1 , 94, 12723910),
(1 , 85, 12723911),
(1 , 84, 12723912),
(2 , 79, 12723903),
(2 , 97, 12723904),
(2 , 93, 12723905),
(2 , 96, 12723906),
(2 , 99, 12723907),
(2 , 83, 12723908),
(2 , 97, 12723909),
(2 , 80, 12723910),
(2 , 77, 12723911),
(2 , 91, 12723912),
(3 , 85, 12723903),
(3 , 86, 12723904),
(3 , 100, 12723905),
(3 , 81, 12723906),
(3 , 82, 12723907),
(3 , 89, 12723908),
(3 , 94, 12723909),
(3 , 94, 12723910),
(3 , 83, 12723911),
(3 , 81, 12723912),
(4 , 100, 12723903),
(4 , 79, 12723904),
(4 , 92, 12723905),
(4 , 71, 12723906),
(4 , 93, 12723907),
(4 , 78, 12723908),
(4 , 76, 12723909),
(4 , 97, 12723910),
(4 , 100, 12723911),
(4 , 78, 12723912),
(5 , 100, 12723903),
(5 , 75, 12723904),
(5 , 88, 12723905),
(5 , 82, 12723906),
(5 , 92, 12723907),
(5 , 86, 12723908),
(5 , 83, 12723909),
(5 , 90, 12723910),
(5 , 76, 12723911),
(5 , 97, 12723912),
(6 , 89, 12723903),
(6 , 80, 12723904),
(6 , 87, 12723905),
(6 , 81, 12723906),
(6 , 82, 12723907),
(6 , 91, 12723908),
(6 , 91, 12723909),
(6 , 79, 12723910),
(6 , 86, 12723911),
(6 , 87, 12723912),
(7 , 98, 12723903),
(7 , 100, 12723904),
(7 , 98, 12723905),
(7 , 77, 12723906),
(7 , 96, 12723907),
(7 , 96, 12723908),
(7 , 95, 12723909),
(7 , 78, 12723910),
(7 , 82, 12723911),
(7 , 94, 12723912),
(8 , 84, 12723903),
(8 , 100, 12723904),
(8 , 87, 12723905),
(8 , 94, 12723906),
(8 , 99, 12723907),
(8 , 100, 12723908),
(8 , 100, 12723909),
(8 , 88, 12723910),
(8 , 80, 12723911),
(8 , 79, 12723912),
(9 , 98, 12723903),
(9 , 80, 12723904),
(9 , 78, 12723905),
(9 , 100, 12723906),
(9 , 83, 12723907),
(9 , 89, 12723908),
(9 , 99, 12723909),
(9 , 95, 12723910),
(9 , 72, 12723911),
(9 , 100, 12723912),
(10, 99, 12723903),
(10, 100, 12723904),
(10, 90, 12723905),
(10, 88, 12723906),
(10, 75, 12723907),
(10, 91, 12723908),
(10, 75, 12723909),
(10, 82, 12723910),
(10, 93, 12723911),
(10, 100, 12723912),
(11, 85, 12723903),
(11, 100, 12723904),
(11, 99, 12723905),
(11, 80, 12723906),
(11, 70, 12723907),
(11, 90, 12723908),
(11, 75, 12723909),
(11, 98, 12723910),
(11, 89, 12723911),
(11, 88, 12723912),
(12, 96, 12723903),
(12, 74, 12723904),
(12, 81, 12723905),
(12, 85, 12723906),
(12, 92, 12723907),
(12, 95, 12723908),
(12, 81, 12723909),
(12, 88, 12723910),
(12, 83, 12723911),
(12, 100, 12723912),
(13, 85, 12723903),
(13, 76, 12723904),
(13, 84, 12723905),
(13, 77, 12723906),
(13, 87, 12723907),
(13, 100, 12723908),
(13, 84, 12723909),
(13, 96, 12723910),
(13, 91, 12723911),
(13, 87, 12723912),
(14, 95, 12723903),
(14, 73, 12723904),
(14, 76, 12723905),
(14, 86, 12723906),
(14, 93, 12723907),
(14, 92, 12723908),
(14, 97, 12723909),
(14, 92, 12723910),
(14, 86, 12723911),
(14, 90, 12723912);
